{"cameraMode":{"drawMode":0,"name":"Shaded","section":"Shading Mode"},"sceneLighting":false,"audioPlay":false,"sceneViewState":{"showFog":true,"showMaterialUpdate":false,"showSkybox":true,"showFlares":true,"showImageEffects":true,"showParticleSystems":true},"in2DMode":false,"pivot":{"x":-1.8771021366119385,"y":2.7252156734466554,"z":-0.4760555028915405},"rotation":{"x":-0.11463560909032822,"y":-0.38684338331222536,"z":0.0485345683991909,"w":-0.9137041568756104},"size":2.7191450595855715,"orthographic":false}